{
  "west": -121.16557,
  "east": -121.15023,
  "south": 42.85817,
  "north": 42.869429999999994
}