{
  "west": -119.54850538487362,
  "east": -119.54243852389683,
  "south": 37.85849296465842,
  "north": 37.86304739460725
}