{
  "west": -121.1530334304884,
  "east": -121.14696656951162,
  "south": 42.86072278502558,
  "north": 42.86527721497441
}