{
  "west": -121.1570334304884,
  "east": -121.15096656951161,
  "south": 42.86172278502558,
  "north": 42.86627721497441
}