{
  "west": -121.13281386467581,
  "south": 42.85759752448121,
  "east": -121.11918613532418,
  "north": 42.86840247551879
}