{
  "west": -121.14807,
  "east": -121.13273,
  "south": 42.85817,
  "north": 42.869429999999994
}