{
  "west": -121.1448138646758,
  "south": 42.858597524481205,
  "east": -121.13118613532417,
  "north": 42.86940247551879
}