{
  "west": -119.55800012981761,
  "south": 37.8454496300699,
  "east": -119.54437240046599,
  "north": 37.856254581107486
}