{
  "west": -121.18150000000001,
  "south": 42.831,
  "east": -121.16650000000001,
  "north": 42.843
}