{
  "west": -121.18307,
  "east": -121.16772999999999,
  "south": 42.841170000000005,
  "north": 42.85243
}