{
  "west": -121.17750000000001,
  "south": 42.835,
  "east": -121.16250000000001,
  "north": 42.847
}