{
  "west": -121.14213623063716,
  "south": 42.83786033940647,
  "east": -121.13386376936283,
  "north": 42.844139660593534
}