{
  "west": -121.13013623063718,
  "south": 42.83386033940647,
  "east": -121.12186376936285,
  "north": 42.840139660593536
}