{
  "west": -121.14807,
  "east": -121.13273,
  "south": 42.841170000000005,
  "north": 42.85243
}