{
  "west": -121.14114568349656,
  "south": 42.86308204507604,
  "east": -121.13287322222223,
  "north": 42.86936136626311
}