{
  "west": -121.1395371685479,
  "east": -121.13844625571318,
  "south": 42.84698143175601,
  "north": 42.84776009104681
}