{
  "west": -121.1570371685479,
  "east": -121.15594625571318,
  "south": 42.855481431756004,
  "north": 42.856260091046806
}