{
  "west": -121.13753469753757,
  "east": -121.13694639674364,
  "south": 42.84110117835431,
  "north": 42.84153541030655
}