{
  "west": -121.12553469753759,
  "east": -121.12494639674365,
  "south": 42.83710117835431,
  "north": 42.83753541030655
}