{
  "west": -121.13654415039697,
  "east": -121.13595584960304,
  "south": 42.86632288402388,
  "north": 42.86675711597612
}