{
  "west": -121.18456998044074,
  "south": 42.85244716595141,
  "east": -121.15543001955926,
  "north": 42.875552834048584
}