{
  "west": -121.18856998044075,
  "south": 42.85144716595141,
  "east": -121.15943001955927,
  "north": 42.874552834048586
}