{
  "west": -119.56558472389536,
  "south": 37.839456502757436,
  "east": -119.53644476301388,
  "north": 37.86256217085461
}