{
  "west": -121.18307,
  "east": -121.16772999999999,
  "south": 42.85817,
  "north": 42.869429999999994
}