{
  "west": -121.16557,
  "east": -121.15023,
  "south": 42.84967,
  "north": 42.860929999999996
}