{
  "west": -121.16557,
  "east": -121.15023,
  "south": 42.841170000000005,
  "north": 42.85243
}